1319784402	1.1.1 关于数据组织 - 例：图书摆放（09:24）
1319784404	1.1.2 关于空间使用 - 例：PrintN函数实现（04:08）
1319784406	1.1.3 关于算法效率 - 例：计算多项式值（10:17）
1319784408	1.1.4 抽象数据类型（08:54）
1319784411	1.2.1 算法的定义（04:47）
1319784412	1.2.2 什么是好的算法（09:00）
1319784414	1.2.3 复杂度的渐进表示（08:54）
1319784417	1.3.1 应用实例 - 算法1 & 2 （05:58）
1319784418	1.3.2 应用实例 - 算法3（07:54）
1319784420	1.3.3 应用实例 - 算法4 （06:10）
1319784424	2.1.1 引子：多项式表示(9:33)
1319784425	2.1.2 线性表及顺序存储(6:51)
1319784426	2.1.3 顺序存储的插入和删除(5:30)
1319784427	2.1.4 链式存储及查找(6:04)
1319784429	2.1.5 链式存储的插入和删除(7:09)
1319784430	2.1.6 广义表与多重链表(9:57)
1319784435	2.2.1 什么是堆栈(10:46)
1319784436	2.2.2 堆栈的顺序存储实现(10:12)
1319784438	2.2.3 堆栈的链式存储实现(7:07)
1319784439	2.2.4 堆栈应用：表达式求值(11:46)
1319784444	2.3.1 队列及顺序存储实现(11:06)
1319784445	2.3.2 队列的链式存储实现(04:39)
1319784451	2.4 多项式的加法运算实现(10:29)
1319784454	1.题意理解与多项式表示(8:09)
1319784455	2.程序框架及读入多项式(8:40)
1319784456	3.加法、乘法运算及多项式输出（10：54）
1319784458	3.1.1 引子(顺序查找)(08:52)
1319784459	3.1.2 引子(二分查找例子)(08:15)
1319784460	3.1.3 引子(二分查找实现)(08:12)
1319784462	3.1.4 树的定义和术语(7:28)
1319784463	3.1.5 树的表示(6:09)
1319784468	3.2.1 二叉树的定义及性质(9:57)
1319784470	3.2.2 二叉树的存储结构(6:43)
1319784473	3.3.1 先序中序后序遍历(10:13)
1319784474	3.3.2 中序非递归遍历(8:49)
1319784476	3.3.3 层序遍历(7:41)
1319784478	3.3.4 遍历应用例子(10:19)
1319784482	1.题意理解及二叉树表示（9：55）
1319784483	2.程序框架、建树及同构判别(7:34)
1319784485	4.1.1 二叉搜索树及查找(7:59)
1319784486	4.1.2 二叉搜索树的插入(6:21)
1319784487	4.1.3 二叉搜索树的删除(6:37)
1319784492	4.2.1 什么是平衡二叉树(11:18)
1319784493	4.2.2 平衡二叉树的调整(11:35)
1319784498	1.题意理解及搜索树表示（7：14）
1319784499	2.程序框架及建树(5:57)
1319784500	3.搜索树是否一样的判别（9：30）
1319784502	线形结构习题.1 什么是抽象的链表（4:07）
1319784503	线形结构习题.2 链表逆转算法（6:22）
1319784504	线性结构习题.3 测试数据（2:39）
1319784506	5.1.1 什么是堆(9:39)
1319784507	5.1.2 堆的插入(9:10)
1319784508	5.1.3 堆的删除(6:42)
1319784509	5.1.4 堆的建立(4:34)
1319784514	5.2.1 什么是哈夫曼树(6:42)
1319784515	5.2.2 哈夫曼树的构造(5:22)
1319784516	5.2.3 哈夫曼编码(7:48)
1319784520	5.3.1 集合的表示及查找(7:23)
1319784521	5.3.2 集合的并运算(5:23)
1319784526	堆中的路径（7：51）
1319784528	小白-FT.1 集合的简化表示 (08:34)
1319784529	小白-FT.2 题意理解与TSSN的实现（09:44）
1319784530	小白-FT.3 按秩归并（10:44）
1319784531	小白-FT.4 路径压缩（13:41）
1319784534	6.1.1 什么是图 - 定义(8:20)
1319784535	6.1.2 什么是图 - 邻接矩阵表示法(9:58)
1319784537	6.1.3 什么是图 - 邻接表表示法(5:44)
1319784543	6.2.1 图的遍历 - DFS (6:43)
1319784545	6.2.2 图的遍历 - BFS (3:27)
1319784547	6.2.3 图的遍历 - 为什么需要两种遍历 (4:03)
1319784550	6.2.4 图的遍历 - 图不连通怎么办 (8:09)
1319784555	6.3 应用实例：拯救007 (14:40)
1319784558	6.4 应用实例：六度空间 (8:06)
1319784561	小白-BG.1 邻接矩阵表示的图结点的结构（04:12）
1319784562	小白-BG.2 邻接矩阵表示的图-初始化（02:24）
1319784563	小白-BG.3 邻接矩阵表示的图-插入边（02:19）
1319784564	小白-BG.4 邻接矩阵表示的图-建立图（03:39）
1319784565	小白-BG.5 邻接表表示的图结点的结构（03:50）
1319784566	小白-BG.6 邻接表表示的图-建立图（03:58）
1319784568	树习题-TTA.1 题意理解（3:57）
1319784569	树习题-TTA.2 核心算法（8:19）
1319784571	树习题-CBST.1 数据结构的选择（05:42）
1319784572	树习题-CBST.2 核心算法（13:13）
1319784573	树习题-CBST.3 计算左子树的规模（06:52）
1319784576	树习题-HC.1 题意理解（08:17）
1319784577	树习题-HC.2 计算最优编码长度（03:58）
1319784578	树习题-HC.3 检查编码（05:56）
1319784580	7.1.1 概述（05:59）
1319784581	7.1.2 无权图的单源最短路（10:53）
1319784584	7.1.2-s 无权图的单源最短路示例（07:10）
1319784585	7.1.3 有权图的单源最短路（16:52）
1319784586	7.1.3-s 有权图的单源最短路示例（08:26）
1319784587	7.1.4 多源最短路算法（07:18）
1319784593	小白-HP.1题意理解（06:46）
1319784594	小白-HP.2 程序框架搭建（03:01）
1319784595	小白-HP.3 选择动物（04:22）
1319784596	小白-HP-4 模块的引用与裁剪（04:34）
1319784598	8.1.1 Prim算法（13:24）
1319784599	8.1.2 Kruskal算法（06:52）
1319784605	8.2.1 拓扑排序（14:45）
1319784608	8.2.2 关键路径（13:12）
1319784612	图习题.1 核心算法（4:54）
1319784613	图习题.2 其他推广（3:55）
1319784615	9.1.1 概述（5:15）
1319784616	9.1.2 冒泡排序（7:03）
1319784618	9.1.3 插入排序（6:19）
1319784620	9.1.4 时间复杂度下界（4:49）
1319784623	9.2 希尔排序（9:29）
1319784627	9.3.1 选择排序（2:59）
1319784628	9.3.2 堆排序（7:28）
1319784633	9.4.1 有序子列的归并（7:56）
1319784634	9.4.2 递归算法（10:36）
1319784635	9.4.3 非递归算法（9:50）
1319784640	10.1.1 算法概述（4:54）
1319784641	10.1.2 选主元（5:43）
1319784642	10.1.3 子集划分（9:02）
1319784643	10.1.4 算法实现（5:46）
1319784650	10.2.1 算法概述（6:21）
1319784652	10.2.2 物理排序（6:20）
1319784654	10.3.1 桶排序（3:42）
1319784655	10.3.2 基数排序（5:27）
1319784656	10.3.3 多关键字的排序（3:04）
1319784662	10.4 排序算法的比较（4:01）
1319784667	11.1.1 引子:散列的基本思路(7:34)
1319784668	11.1.2 什么是散列表(6:09)
1319784670	11.2.1 数字关键词的散列函数构造(6:03)
1319784671	11.2.2 字符串关键词的散列函数构造(7:02)
1319784674	11.3.1 开放定址法(3:54)
1319784675	11.3.2 线性探测(9:34)
1319784676	11.3.3 线性探测—字符串的例子(3:50)
1319784677	11.3.4 平方探测法(5:43)
1319784678	11.3.5 平方探测法的实现(9:55)
1319784679	11.3.6 分离链接法(3:30)
1319784686	11.4 散列表的性能分析（10:26)
1319784690	11.5 文件中单词词频统计(6:01)
1319784692	小白-PM.1题意理解与解法分析（11:19）
1319784693	小白-PM.2 程序框架搭建（04:07）
1319784694	小白-PM.3 输出狂人（03:21）
1319784695	小白-PM-4 模块的引用与裁剪（05:11）